Experiment,Status,MAE,ACC_EXACT,ACC_0.5,ACC_1.0,n_features,llm_enabled
plus_languagetool,completed,0.7673806485948285,0.25355148427549723,0.4251983932595278,0.6890369354364652,36.0,False
plus_embeddings,completed,0.7959336951870944,0.23670030371313805,0.398550014695797,0.6643479964730087,414.0,False
classical_only,completed,0.8143383382736241,0.233271284412658,0.38914470461448025,0.659057509552268,30.0,False
plus_llm,skipped_missing_llm_cache,,,,,,False
full_stack,skipped_missing_llm_cache,,,,,,False
