{
  "TA": {
    "kind": "isotonic",
    "x_thresholds": [
      2.153682755470138,
      2.3903666076264978,
      3.253957558399596,
      3.2758831340274606,
      3.803668132599954,
      3.8112119398549265,
      3.9923141304164096,
      4.000561613253973,
      4.1155214641008255,
      4.1158917381813644,
      4.214030398083379,
      4.266668604861506,
      4.2674961214270635,
      4.606879255436038,
      4.609611870368022,
      4.941173630868265,
      4.956911791206573,
      5.049204715864475,
      5.0765930087249815,
      5.308587157230924,
      5.31325869144391,
      5.470720095621218,
      5.477580618027149,
      5.53550962865212,
      5.538545247766381,
      5.819441721768707,
      5.821748156408448,
      5.847454835159987,
      5.848079862951822,
      5.914309553559626,
      5.9151354165843815,
      6.053183280556221,
      6.054027638577757,
      6.098227339966193,
      6.09986407018251,
      6.266030028002845,
      6.2660543848757335,
      6.341459533817807,
      6.341648485148806,
      6.381815367249054,
      6.384487670150004,
      6.386210412522743,
      6.387270420087399,
      6.543834928294103,
      6.545557373779529,
      6.569576728322472,
      6.571763739502845,
      6.723533311066809,
      6.724491981937802,
      6.7623523757742765,
      6.762483822358222,
      6.784387764698912,
      6.784501861690683,
      6.914389512941263,
      6.916804906068638,
      6.931870461418339,
      6.932266395346122,
      6.970594834399054,
      6.9724783263903385,
      7.040084532215588,
      7.052314839309183,
      7.121927896053,
      7.131338529649932,
      7.168050000572577,
      7.177371398487548,
      7.273673580985339,
      7.500748755751214,
      8.166036065670388,
      8.183993338984507,
      8.548945629650433,
      8.549461468809996,
      8.6182072486588,
      8.662837862082482,
      8.767276151196345
    ],
    "y_thresholds": [
      3.0,
      3.176470588235294,
      3.176470588235294,
      3.3260869565217392,
      3.3260869565217392,
      3.4642857142857144,
      3.4642857142857144,
      3.75,
      3.75,
      3.8,
      3.8,
      4.0,
      4.229166666666667,
      4.229166666666667,
      4.486111111111111,
      4.486111111111111,
      4.833333333333333,
      4.833333333333333,
      4.865853658536586,
      4.865853658536586,
      5.0,
      5.0,
      5.05,
      5.05,
      5.214285714285714,
      5.214285714285714,
      5.269230769230769,
      5.269230769230769,
      5.318181818181818,
      5.318181818181818,
      5.745098039215686,
      5.745098039215686,
      5.815789473684211,
      5.815789473684211,
      6.013761467889908,
      6.013761467889908,
      6.021739130434782,
      6.021739130434782,
      6.09375,
      6.09375,
      6.2,
      6.2,
      6.4335443037974684,
      6.4335443037974684,
      6.666666666666667,
      6.666666666666667,
      6.673076923076923,
      6.673076923076923,
      6.722222222222222,
      6.722222222222222,
      6.8076923076923075,
      6.8076923076923075,
      6.926966292134831,
      6.926966292134831,
      6.9375,
      6.9375,
      7.076923076923077,
      7.076923076923077,
      7.125,
      7.125,
      7.366666666666666,
      7.366666666666666,
      7.6875,
      7.6875,
      7.857142857142857,
      7.857142857142857,
      8.410714285714286,
      8.410714285714286,
      8.43421052631579,
      8.43421052631579,
      8.464285714285714,
      8.464285714285714,
      8.5,
      8.5
    ]
  },
  "CC": {
    "kind": "isotonic",
    "x_thresholds": [
      1.6362137303247817,
      1.6738466186105265,
      3.8234028476917854,
      3.8335631698363013,
      3.8522783573515977,
      3.8613762307576875,
      3.871856191713601,
      3.878130080523969,
      3.931190828953351,
      3.9327708974153697,
      4.047293738025813,
      4.05580219311384,
      4.09313563946733,
      4.112775695583968,
      4.683509250728073,
      4.6874279628702284,
      4.806725648883961,
      4.822703199905188,
      5.3698334092025,
      5.3748921547545825,
      5.379977644478198,
      5.387329423586539,
      5.472748022928907,
      5.474060998586002,
      5.726797047075463,
      5.730935146350134,
      5.9492963996477775,
      5.95160837452778,
      6.077727731399816,
      6.078575469202075,
      6.1264234042444246,
      6.12663613388446,
      6.262058972259866,
      6.26287399364448,
      6.292631206060566,
      6.293537475670134,
      6.395992677420079,
      6.397793668683585,
      6.5307976340523055,
      6.531751225652356,
      6.551863062192567,
      6.553090676453526,
      6.611993423668805,
      6.613026702673464,
      6.733700136384731,
      6.7346273622672035,
      6.832455931860047,
      6.836693614877841,
      6.939650963194428,
      6.947601461409141,
      7.334395730217068,
      7.4028106912257,
      7.907107037604474,
      7.919854208496677,
      8.511382265309555,
      8.517803448707024,
      8.595626238976793,
      8.609234510605924,
      8.780858534110628
    ],
    "y_thresholds": [
      2.0,
      2.9166666666666665,
      2.9166666666666665,
      3.25,
      3.25,
      3.5,
      3.5,
      3.6666666666666665,
      3.6666666666666665,
      3.7857142857142856,
      3.7857142857142856,
      4.0,
      4.0,
      4.2155172413793105,
      4.2155172413793105,
      4.55,
      4.55,
      4.61842105263158,
      4.61842105263158,
      4.75,
      4.75,
      5.2105263157894735,
      5.2105263157894735,
      5.6015625,
      5.6015625,
      5.675531914893617,
      5.675531914893617,
      5.77027027027027,
      5.77027027027027,
      5.878378378378378,
      5.878378378378378,
      6.133720930232558,
      6.133720930232558,
      6.145833333333333,
      6.145833333333333,
      6.471590909090909,
      6.471590909090909,
      6.495575221238938,
      6.495575221238938,
      6.5588235294117645,
      6.5588235294117645,
      6.565217391304348,
      6.565217391304348,
      6.75,
      6.75,
      6.849056603773585,
      6.849056603773585,
      7.0476190476190474,
      7.0476190476190474,
      7.2745098039215685,
      7.2745098039215685,
      8.3125,
      8.3125,
      8.427083333333334,
      8.427083333333334,
      8.45,
      8.45,
      8.5,
      8.5
    ]
  },
  "LR": {
    "kind": "isotonic",