Target,Model,MAE,ACC_EXACT,ACC_0.5,ACC_1.0
overall,CatBoost,0.7790821418806483,0.23257080610021785,0.41013071895424835,0.6633986928104575
