Target,Evaluation,MAE,ACC_EXACT,ACC_0.5,ACC_1.0
TA,oof,0.8357417402886844,0.23787596747330264,0.4221612618791026,0.6796316253551484
CC,oof,0.9763630697401391,0.19839325952777506,0.3540707357695699,0.5988047418438327
LR,oof,0.8867336692704301,0.23689624767316547,0.4068776329969629,0.6713040070539825
GR,oof,0.9162752870213107,0.2303321250122465,0.40354658567649654,0.6522974429313216
overall_from_rubrics,oof,0.8520133241892819,0.1948662682472813,0.5039678651905555,0.7430194964240228
overall_direct,oof,0.7564870981337282,0.26256490643675906,0.43088076810032333,0.6899186832565886
